Waluta,Symbol waluty,Kurs średni,Zmiana
Thailand bat,THB,0.1249,0.16
United States dollar,USD,4.2931,0.27
Australian dollar,AUD,3.0881,0.44
Hong-Kong dollar,HKD,0.5472,0.27
Canadian dollar,CAD,3.3936,0.31
New Zealand dollar,NZD,2.7912,0.24
Singapore dollar,SGD,3.1227,0.11
euro,EUR,4.5876,-0.03
Hungarian forint,HUF,1.1629,0.63
Swiss franc,CHF,4.4689,0.35
Pound Sterling,GBP,5.3832,-0.03
hrywna ukraińska,UAH,0.1467,0
Japanese yen,JPY,3.3055,-0.04
Czech koruna,CZK,0.1855,0
Danish krone,DKK,0.6167,-0.03
Icelandic krona,ISK,3.3511,-0.47
Norwegian krone,NOK,0.4535,-0.57
Swedish krona,SEK,0.4379,0.14
Croatian kuna,HRK,0.609,-0.02
Romanian leu,RON,0.9284,0.03
Bulgarian lev,BGN,2.3456,-0.03
Turkish lyra,TRY,0.2608,0.12
Israeli new shekel,ILS,1.2866,-0.05
Chilean peso,CLP,0.5213,0.35
Philippine peso,PHP,0.0813,-0.37
Mexican peso,MXN,0.2188,0.55
South african rand,ZAR,0.2769,0.33
Brazilian real,BRL,0.8913,-1.5
Malaysian ringgit,MYR,0.9773,0.15
Indian rupee,INR,5.5364,0.25
Indonesian rupee,IDR,2.9643,0.95
SDR,XDR,5.7779,-0.07
South Korean won,KRW,0.3433,-0.23
Chinese yuan renminbi,CNY,0.6433,0.58
