Waluta,Symbol waluty,Kurs średni,Zmiana
bat (Tajlandia),THB,0.1249,0.16
dolar amerykański,USD,4.2931,0.27
dolar australijski,AUD,3.0881,0.44
dolar hongkoński,HKD,0.5472,0.27
dolar kanadyjski,CAD,3.3936,0.31
dolar nowozelandzki,NZD,2.7912,0.24
dolar singapurski,SGD,3.1227,0.11
euro,EUR,4.5876,-0.03
forint węgierski,HUF,1.1629,0.63
frank szwajcarski,CHF,4.4689,0.35
funt szterling,GBP,5.3832,-0.03
hrywna ukraińska,UAH,0.1467,0
jen japoński,JPY,3.3055,-0.04
korona czeska,CZK,0.1855,0
korona duńska,DKK,0.6167,-0.03
korona islandzka,ISK,3.3511,-0.47
korona norweska,NOK,0.4535,-0.57
korona szwedzka,SEK,0.4379,0.14
kuna chorwacka,HRK,0.609,-0.02
lej rumuński,RON,0.9284,0.03
lew bułgarski,BGN,2.3456,-0.03
lira turecka,TRY,0.2608,0.12
n. szekel,ILS,1.2866,-0.05
peso,CLP,0.5213,0.35
peso filipińskie,PHP,0.0813,-0.37
peso meksykańskie,MXN,0.2188,0.55
rand RPA,ZAR,0.2769,0.33
real brazylijski,BRL,0.8913,-1.5
ringgit malezyjski,MYR,0.9773,0.15
rupia,INR,5.5364,0.25
rupia (Indonezja),IDR,2.9643,0.95
SDR (MFW),XDR,5.7779,-0.07
won (Korea Płd.),KRW,0.3433,-0.23
yuan renminbi,CNY,0.6433,0.58
